"","player_id","PlayerYear","pa","avg","obp","slg","ops","iso","woba","home_run","k_pct+","bb_pct+","xba+","xslg+","xwoba+","xwobacon+","barrel_rate+","hard_hit_pct+","z_sw_miss_pct+","oz_sw_pct+","oz_sw_miss_pct+","hr_rate+","probC1","probC2","probC3","probC4","probC5","probC6","probC7","PC1","PC2","PC3","Cluster","maxProb"
"1",608324,"Alex Bregman 2023",724,0.262,0.363,0.441,0.804,0.179,0.351,25,53.47,147,106.51,102.99,108.78,90.59,63.89,95.55,49.94,64.85,69.22,106.27,0.129,0.006,0.712,0,0,0.082,0.071,90.0057773069852,141.458154710067,65.9187877390421,3,0.712
"2",666182,"Bo Bichette 2023",601,0.306,0.339,0.475,0.814,0.169,0.349,20,85.1,52.09,124.93,120.24,112.5,114.29,113.59,112.31,74.63,126.91,87.68,102.42,0.003,0.359,0.089,0,0.002,0.5,0.048,116.348404222328,141.706868003908,133.064270138411,6,0.5
