"name","year","pa","avg","obp","slg","ops","iso","woba","home_run","k_pct+","bb_pct+","xba+","xslg+","xwoba+","xwobacon+","barrel_rate+","hard_hit_pct+","z_sw_miss_pct+","oz_sw_pct+","oz_sw_miss_pct+","hr_rate+","probC1","probC2","probC3","probC4","probC5","probC6","probC7","PC1","PC2","PC3","Cluster","maxProb","PlayerYear"
"Barnes, Austin",2018,238,0.205,0.329,0.29,0.619,0.085,0.281,4,131.57,149.63,74.47,62.43,82.87,78.62,52.08,86.11,84.9,66.46,84.21,53.6,0.803,0.088,0.059,0.033,0.002,0,0.015,60.5774387655773,66.622066098992,57.6414604117108,1,0.803,"Austin Barnes 2018"
"Santana, Danny",2015,277,0.215,0.241,0.291,0.532,0.076,0.231,0,124.91,28.01,79.86,61.85,67.74,74.43,8.82,68.44,105.68,137.02,119.56,0,0.042,0.81,0.012,0.012,0.046,0,0.078,30.7292818660165,49.2999914724755,125.604736380946,2,0.81,"Danny Santana 2015"
"Díaz, Yandy",2022,558,0.296,0.401,0.423,0.824,0.127,0.366,9,48.89,171.13,119.05,107.86,117.22,96.93,61.15,125.99,55.26,66.91,68.9,55.22,0.053,0.009,0.789,0,0.01,0.076,0.062,103.70643965179,156.335743144593,62.5165718581952,3,0.789,"Yandy Díaz 2022"
"Gallo, Joey",2023,332,0.177,0.301,0.44,0.741,0.263,0.32,21,190.69,167.84,59.66,95.57,91.43,119.56,228.36,132.33,196.9,90.3,157.36,194.67,0.004,0.005,0,0.989,0.002,0,0,164.390709773062,12.2222282677698,84.4051463332845,4,0.989,"Joey Gallo 2023"
"Perez, Salvador",2021,665,0.273,0.316,0.544,0.86,0.271,0.359,48,114.67,47.3,110.06,134.01,114.56,126.78,193.15,141.4,116.06,161.69,116.06,211.58,0,0.027,0.009,0.004,0.928,0.028,0.006,161.198191789387,112.07202570232,160.363476943016,5,0.928,"Salvador Perez 2021"
"Judge, Aaron",2022,696,0.311,0.425,0.686,1.111,0.375,0.458,62,113.63,194.35,126.07,179.6,148.69,167.77,337.58,158.9,116.86,78.17,126.4,304.99,0,0,0,0,0,1,0,258.353345609964,149.458675426624,93.4086348703215,6,1,"Aaron Judge 2022"
"Astudillo, Willians",2019,204,0.268,0.299,0.379,0.678,0.111,0.288,4,17.72,28.65,113.14,95.57,97.75,81.12,34.55,83.01,18.66,137.28,46.71,51.65,0.002,0.044,0.173,0,0.067,0,0.714,43.5388029625594,157.860981132702,129.857616698476,7,0.714,"Willians Astudillo 2019"
